﻿<?xml version="1.0" encoding="utf-8"?>
<Vehiculos>
  <Vehiculo>
    <Matricula>ABC 1234</Matricula>
    <Tipo>Furgoneta</Tipo>
    <Marca>Ford</Marca>
    <Modelo>Transit</Modelo>
    <ConsumoPorKm>12</ConsumoPorKm>
    <FechaAdquisicion>0001-01-01</FechaAdquisicion>
    <FechaFabricacion>0001-01-01</FechaFabricacion>
    <Comodidades>
      <Comodidad>Wifi</Comodidad>
      <Comodidad>Aire acondicionado</Comodidad>
    </Comodidades>
  </Vehiculo>
  <Vehiculo>
    <Matricula>DEF 5678</Matricula>
    <Tipo>Camion</Tipo>
    <Marca>Mercedes</Marca>
    <Modelo>Actros</Modelo>
    <ConsumoPorKm>25</ConsumoPorKm>
    <FechaAdquisicion>0001-01-01</FechaAdquisicion>
    <FechaFabricacion>0001-01-01</FechaFabricacion>
    <Comodidades>
      <Comodidad>Conexión del móvil por Bluetooth</Comodidad>
      <Comodidad>Litera de descanso</Comodidad>
      <Comodidad>TV</Comodidad>
    </Comodidades>
  </Vehiculo>
</Vehiculos>